wallet_address,total_vol_usd,wash_vol_usd,total_n,wash_n,wash_vol_share,wash_n_share,clean_vol_usd,label
0x95074f700f93bdf6e62fc965e0832064c0877b04,2422324.8,102428.4,2000,92,0.0423,0.046,2319896.4,clean
0xee50a31c3f5a7c77824b12a941a54388a2827ed6,2099904.32,16899.95,2000,14,0.008,0.007,2083004.37,clean
0x44c1dfe43260c94ed4f1d00de2e1f80fb113ebc1,6259228.83,1314772.03,2000,207,0.2101,0.1035,4944456.8,partial_washer
0x63d43bbb87f85af03b8f2f9e2fad7b54334fa2f1,1297329.29,0.0,2000,0,0.0,0.0,1297329.29,clean
0xd218e474776403a330142299f7796e8ba32eb5c9,171618.3,0.0,2000,0,0.0,0.0,171618.3,clean
0xed107a85a4585a381e48c7f7ca4144909e7dd2e5,6956345.52,68486.61,2000,79,0.0098,0.0395,6887858.91,clean
0x7744bfd749a70020d16a1fcbac1d064761c9999e,2975877.23,1667064.35,2000,363,0.5602,0.1815,1308812.88,volume_farmer
0x63274ff0dd147d2b106d4d6b21817e59418be181,4282352.91,4154567.21,2000,1052,0.9702,0.526,127785.7,volume_farmer
0x1fad9860ab0d21c8668a13accf25d6eb3c11b5b2,6776458.0,6551710.07,2000,1888,0.9668,0.944,224747.93,volume_farmer
0x34026514e0bda25f0f9fbb053fe3070cdc8c9446,100262.89,2127.84,2000,6,0.0212,0.003,98135.05,clean
0x6ffb4354cbe6e0f9989e3b55564ec5fb8646a834,2573525.07,148243.6,2000,231,0.0576,0.1155,2425281.46,clean
0xe8dd7741ccb12350957ec71e9ee332e0d1e6ec86,203195.81,0.0,2000,0,0.0,0.0,203195.81,clean
0x2785e7022dc20757108204b13c08cea8613b70ae,43985350.73,0.0,2000,0,0.0,0.0,43985350.73,clean
0xbacd00c9080a82ded56f504ee8810af732b0ab35,795578.28,225659.11,2000,94,0.2836,0.047,569919.18,partial_washer
0x7e30c3a56d89edac738d788dd218a9e64fb91e50,3152081.39,936358.71,2000,793,0.2971,0.3965,2215722.68,partial_washer
0xecb14ac6e9ca447ce2f2912e6217b43d7b655da3,660761.31,57984.36,2000,157,0.0878,0.0785,602776.95,clean
0x45b39e1f71e47fd4afe4b988ffad690b644735bc,2438513.33,0.0,2000,0,0.0,0.0,2438513.33,clean
0xb48b9192dc52eed724fa58c66fa8926d06a3648e,1503338.02,2496.82,2000,6,0.0017,0.003,1500841.21,clean
0xb27f49a1cbe1e7b16ca646c930b21c02ad8b8908,966495.3,783618.5,2000,714,0.8108,0.357,182876.8,volume_farmer
0xcd91a549956854fdc38efad7e80ff5da8f5432b8,58785.03,15.13,2000,22,0.0003,0.011,58769.91,clean
0xd1acd3925d895de9aec98ff95f3a30c5279d08d5,3995940.07,2351246.1,2000,667,0.5884,0.3335,1644693.97,volume_farmer
0xdcd669c506a938bae9269a84b8bd2bdb220484cd,5844353.39,670704.72,2000,325,0.1148,0.1625,5173648.67,partial_washer
0x9c2617462567859fcf5764e03b9a687ebca274bc,4418639.59,1512084.73,2000,1129,0.3422,0.5645,2906554.86,partial_washer
0xeac3f7345a02cbeefa921caab22062a5574f8a6c,5690970.46,5690054.4,405,389,0.9998,0.9605,916.06,volume_farmer
0xc6dd722558dbfbd8fa780efcbe819ed8c6604b9f,9692499.1,501871.77,2000,264,0.0518,0.132,9190627.34,clean
0x1584cb3b5a84944bd0db072c43d67189397071b6,648350.9,89449.89,2000,105,0.138,0.0525,558901.01,partial_washer
0xcd71fd5370880f3d92bb941e628c05840fe0d127,2663518.55,311508.46,2000,181,0.117,0.0905,2352010.09,partial_washer
0x241f846866c2de4fb67cdb0ca6b963d85e56ef50,4846901.21,3629.36,2000,367,0.0007,0.1835,4843271.86,clean
0xdf17f4a8dd01a4cfa6fc3da323a2baee5f8697d1,901015.52,376883.01,2000,276,0.4183,0.138,524132.52,partial_washer
0x5ecde7348ea5100af4360dd7a6e0a3fb1d420787,1526245.77,601332.5,2000,463,0.394,0.2315,924913.27,partial_washer
0x14c32680ffc318892e0d019181e4161aa34cdf68,1564193.69,43048.73,2000,213,0.0275,0.1065,1521144.96,clean
0xee324b84546110f1fa5d4b2558edb179c3a4463a,2833119.66,1345782.71,2000,842,0.475,0.421,1487336.94,partial_washer
0x47ab026767cc320ac6e62f6ec747d59cf4d795df,1577516.77,355691.18,2000,278,0.2255,0.139,1221825.59,partial_washer
0xea8ee311382139d952087a669252252625663de0,954173.35,57168.54,2000,211,0.0599,0.1055,897004.81,clean
0xa3ad70cf48a2f2b44163e798223c01a2c2536866,85331.94,0.0,2000,0,0.0,0.0,85331.94,clean
0xb6fa57039ea79185895500dbd0067c288594abcf,91741.5,0.0,2000,0,0.0,0.0,91741.5,clean
0xc6587b11a2209e46dfe3928b31c5514a8e33b784,11742657.34,4466173.23,2000,761,0.3803,0.3805,7276484.11,partial_washer
0xa022ba0a68e11a78348382ff168601012d4d77f8,2598752.18,576521.63,2000,436,0.2218,0.218,2022230.56,partial_washer
0xceae15533f441b29685bb41dd8d25835760c7a2d,58721.69,5.96,2000,6,0.0001,0.003,58715.74,clean
0xdd225a03cd7ed89e3931906c67c75ab31cf89ef1,1589083.73,4436.76,2000,16,0.0028,0.008,1584646.97,clean
0xc8ab97a9089a9ff7e6ef0688e6e591a066946418,1032594.26,92517.8,2000,208,0.0896,0.104,940076.46,clean
0x4d49acb0ae1c463eb5b1947d174141b812ba7450,9952638.86,1919840.05,2000,400,0.1929,0.2,8032798.81,partial_washer
0xd189664c5308903476f9f079820431e4fd7d06f4,261309.19,0.0,2000,0,0.0,0.0,261309.19,clean
0xd4f904ecac0ff22ac6601de6b972d4f8b6b4f619,626028.46,84462.85,2000,307,0.1349,0.1535,541565.61,partial_washer
0x30cecdf29f069563ea21b8ae94492e41e53a6b2b,10950.15,0.0,2000,0,0.0,0.0,10950.15,clean
0x7c3db723f1d4d8cb9c550095203b686cb11e5c6b,667828.96,108402.31,2000,150,0.1623,0.075,559426.65,partial_washer
0x9b979a065641e8cfde3022a30ed2d9415cf55e12,13192288.56,246040.0,2000,48,0.0187,0.024,12946248.56,clean
0xaa0f9278293573f4f8ec1b7cdc19ba6fa480ab1c,171153.2,208.58,474,26,0.0012,0.0549,170944.61,clean
0x1b45b1a3cedccf21862edd86a58d286305d4ea09,932918.55,62848.18,2000,54,0.0674,0.027,870070.37,clean
0xe4cfbb89c05d3429280c69969aee2cfb7a4678c4,47363.2,125.11,2000,34,0.0026,0.017,47238.09,clean
0xf2ebb6fb4982c8ff49ddc89c802c70b250f16eb5,21081.81,0.0,2000,0,0.0,0.0,21081.81,clean
0xfc25f141ed27bb1787338d2c4e7f51e3a15e1f7f,1884962.22,52337.14,2000,10,0.0278,0.005,1832625.08,clean
0x1d8c256b15d3cd1f5db221e70c77f552eb8d757a,71390.09,1200.27,2000,58,0.0168,0.029,70189.82,clean
0x805a922574d7d6b158b7bbb49a6fa8925eb60635,470144.47,77476.36,2000,231,0.1648,0.1155,392668.11,partial_washer
0x0e5bd76779e74304d08e759072abf126d87da593,3300756.5,1981981.39,2000,1201,0.6005,0.6005,1318775.11,volume_farmer
0x7fe68cbaca0b778dab7c1adbb9992bb1f4f6b39e,1040866.04,458124.12,2000,834,0.4401,0.417,582741.93,partial_washer
0xc757850237e266d3b08d16b8455777a88590ccfc,2131224.98,122977.14,2000,240,0.0577,0.12,2008247.84,clean
0xb10047d6a254b2ebb306d7a7d13bf59171ab6461,840184.99,420516.18,2000,801,0.5005,0.4005,419668.81,volume_farmer
0x4df7da721042bf8b75bd1cb7acbeb7f83aaf522d,71223.51,18.76,2000,14,0.0003,0.007,71204.75,clean
0xa102b434ce441a3119e146f75ed6276ee1a836d9,15291425.11,3004734.84,2000,460,0.1965,0.23,12286690.27,partial_washer
0x1295269296e51cd28a3db85fa6728c0e352b5cfd,5051379.6,23592.36,2000,20,0.0047,0.01,5027787.24,clean
0xc25427ea224b8f9fa2df801233f944006ed33f73,1862852.48,632446.86,2000,458,0.3395,0.229,1230405.62,partial_washer
0xb37d69de3073a17f7c32aaba6f7daef0d80eb5b3,1366548.69,1352801.82,562,473,0.9899,0.8416,13746.87,volume_farmer
0x82a7183f93447d7a8ff5b4bd08eb0d74de266ed8,7789731.88,0.0,907,0,0.0,0.0,7789731.88,clean
0x3f7aee8f1fafcd873343105b24f83f3f98a9248e,39591.12,90.0,2000,2,0.0023,0.001,39501.12,clean
0x3b4484b6c8cbfdaa383ba337ab3f0d71055e264e,1530295.87,583683.46,2000,557,0.3814,0.2785,946612.41,partial_washer
0x9d3e4fb265800f911de2026ed4a0ebddce36eec6,4236193.51,2599733.24,2000,999,0.6137,0.4995,1636460.26,volume_farmer
0x8245ea0d5a476678cb354b69e136908f0757ebed,1368733.2,71834.86,2000,162,0.0525,0.081,1296898.34,clean
0x24ded84d901a743cfee095f8082b0f9f647183cb,2371124.41,1133550.45,2000,646,0.4781,0.323,1237573.95,partial_washer
0x69ea0d77ef34f1acb03aaed901df7620fc4215cd,1495486.72,233773.5,2000,177,0.1563,0.0885,1261713.23,partial_washer
0xe598435df0cdf5d22bdd5082d557f75f9180a0a8,1210345.71,455551.69,2000,557,0.3764,0.2785,754794.02,partial_washer
0xb48ef6deecd526c0974c35e1f7b5c3bbd12fa144,3499904.34,439691.25,2000,210,0.1256,0.105,3060213.09,partial_washer
0x2079cf38a4916c88f873f2b020bef66897248327,3242907.67,511548.54,1369,257,0.1577,0.1877,2731359.13,partial_washer
0x69aa9fa621403e3a121b29ad77d32ba9eb5e8847,5873208.46,341322.9,2000,164,0.0581,0.082,5531885.56,clean
0xebc0df15e665da95bf819105b723ae90042ffa41,176728.23,475.33,2000,22,0.0027,0.011,176252.9,clean
0x6bab41a0dc40d6dd4c1a915b8c01969479fd1292,1821480.96,227333.9,2000,161,0.1248,0.0805,1594147.05,partial_washer
0x96e882359883590b2cf8828d46200b0ab099d139,398525.11,361605.48,65,11,0.9074,0.1692,36919.62,volume_farmer
0x6ce22b6a995836c09871cdc9242b094d9e15e868,1676876.7,339635.21,2000,155,0.2025,0.0775,1337241.49,partial_washer
0xc4d1a863e9cc45d02ba22d3a1ae9ba7822018ce8,11676739.0,234304.13,2000,34,0.0201,0.017,11442434.87,clean
0x5607e051300abf498a988eab909dde03c899fd15,708178.0,151161.88,643,210,0.2135,0.3266,557016.12,partial_washer
0x57c5de7efafb020e589f80e0da6e16e9b5c907aa,7144068.25,728406.12,2000,531,0.102,0.2655,6415662.13,partial_washer
0x2a019dc0089ea8c6edbbafc8a7cc9ba77b4b6397,1221631.83,324737.79,2000,406,0.2658,0.203,896894.04,partial_washer
0x490f66ea703fc8fae19fd231c9921e3f4c0c17e5,44413.19,35220.64,2000,1383,0.793,0.6915,9192.55,volume_farmer
0x79add3f87e377b0899b935472c07d2c3816ba9f1,523263.09,252944.78,2000,467,0.4834,0.2335,270318.31,partial_washer
0x6e8f80ca0cddb8d3f207dc5147ac0e6062ae162c,1877214.97,535624.35,2000,323,0.2853,0.1615,1341590.61,partial_washer
0x8f7a4b414417911e7e9bd738399874792cdbdb40,3022793.09,647789.8,2000,1263,0.2143,0.6315,2375003.28,partial_washer
0xa38a455bbdd4b68486548b7e19da99903f4f821d,710970.46,0.0,2000,0,0.0,0.0,710970.46,clean
0x562bc8068347268d9a69b8dd464d00eed0f9dc09,258115.03,32658.99,2000,168,0.1265,0.084,225456.05,partial_washer
0x087eaada2ce7452fd07d00fb858155b13919c44e,359050.6,325202.31,67,10,0.9057,0.1493,33848.29,volume_farmer
0x270dd1bef16d2e48d6ccc8bd61a26d10ae298475,62439.53,0.0,4,0,0.0,0.0,62439.53,clean
0x8795bcb2fe129d1ea3e3d73bc13a3d8078047544,1430882.35,37029.79,2000,122,0.0259,0.061,1393852.57,clean
0x28b255ed9747765be4f44ce484532d4b6bdfa74f,2019013.0,265572.0,2000,143,0.1315,0.0715,1753441.0,partial_washer
0xde0463ea7f611b065e8ab06bbfbddad75e6dfa37,218202.43,0.0,2000,0,0.0,0.0,218202.43,clean
0xdf1b70066e58788c7b05c53dd9cc4fd412d2b963,4343586.97,504329.27,2000,183,0.1161,0.0915,3839257.71,partial_washer
0x448861155279dbf833d041b963e3ac854599e319,548408.08,58905.74,2000,180,0.1074,0.09,489502.34,partial_washer
0x7789957157a13aa3610e26d61ef8f99317b7a280,714310.6,107071.79,2000,204,0.1499,0.102,607238.82,partial_washer
0x122cdd9db64fd8dc3ebab813218e3effe21f821f,2308622.74,1091623.96,2000,334,0.4728,0.167,1216998.78,partial_washer
0x24c8cf69a0e0a17eee21f69d29752bfa32e823e1,659956.74,48163.31,2000,204,0.073,0.102,611793.43,clean
0xbb8e6477bcb4d0a79449507c607d36fd228fb243,3512027.28,853072.89,2000,192,0.2429,0.096,2658954.4,partial_washer
0x6e6ceb124dbda7711e09de01775ed8329ed7e358,317069.92,264265.54,39,25,0.8335,0.641,52804.38,volume_farmer
0x9c41bbce730df864e2f6deaa3ad40e868b9064be,121479.14,101123.32,299,33,0.8324,0.1104,20355.82,volume_farmer
0x9be90ea78bff3f81f3564a11d5e12b2a0783c030,77541.26,445.85,2000,28,0.0057,0.014,77095.41,clean
0x35bbbad2415fe5e39b12da9a316cdc80b022009b,1458231.51,1114972.14,2000,1465,0.7646,0.7325,343259.37,volume_farmer
0xd923b58e7874de549b0b9bd07db49eeb2878f400,1482690.77,331834.19,2000,291,0.2238,0.1455,1150856.58,partial_washer
0x38e59b36aae31b164200d0cad7c3fe5e0ee795e7,128456.74,8601.12,2000,65,0.067,0.0325,119855.61,clean
0xc851cd9bee7d262afd78674f861f9f576a12cd2a,2340484.33,680943.56,2000,285,0.2909,0.1425,1659540.77,partial_washer
0x9d84ce0306f8551e02efef1680475fc0f1dc1344,479686.46,49126.64,2000,7,0.1024,0.0035,430559.83,partial_washer
0xc65fa568479fafe40c99d08d7de4379bc860a150,674742.05,239932.86,308,101,0.3556,0.3279,434809.2,partial_washer
0x1c1e841584db14084e10e7dca2ad0ab7b60dbfe7,521521.12,303351.67,2000,716,0.5817,0.358,218169.45,volume_farmer
0x2d99e29c4f066ba32098c65e4c7454b277d94ca3,5722497.25,1170279.43,2000,565,0.2045,0.2825,4552217.82,partial_washer
0x3f62acb989dd53789f8453faa0b24060656ae744,156767.8,57631.77,2000,462,0.3676,0.231,99136.03,partial_washer
0xba7586133ec7d540651f46d9d873abd7022c5eed,512790.7,465484.43,107,21,0.9077,0.1963,47306.27,volume_farmer
0x0f0f78dfb8c7bf67e52f3a7cae03722f95fac8ae,1062493.64,998182.73,620,286,0.9395,0.4613,64310.91,volume_farmer
0x5f390e4b7d6f06d6756a6c92afdbf7b3176aa78c,15660.59,1.22,2000,8,0.0001,0.004,15659.38,clean
0xba88bcd6e865c9de1b9850f74f5ad6af90053138,1310290.14,3490.77,655,9,0.0027,0.0137,1306799.37,clean
0x89e0552b897baa5486a45ff257a39858a79a9412,194709.51,10760.74,2000,56,0.0553,0.028,183948.77,clean
0xd0394bd0de8d901c3fde039a86bf08e6aa4a2532,732279.72,190426.28,2000,1090,0.26,0.545,541853.44,partial_washer
0xda475f640892d0014c086b7e4f25317f5778f40a,1336808.71,581033.86,2000,705,0.4346,0.3525,755774.85,partial_washer
0x9f83f83bdfc209c6fade8a2c77ea9667e9176cd9,775424.63,197637.74,2000,567,0.2549,0.2835,577786.89,partial_washer
0x5858196bbcb5059a7f67904deb06755dc2adfbbf,1389537.14,461986.01,2000,594,0.3325,0.297,927551.13,partial_washer
0xf9b6943d8cce124603a8c7ef8a02191a487761ce,3023182.34,1420731.47,2000,664,0.4699,0.332,1602450.87,partial_washer
0x069acf9916370eef6c6a541f12cd96632ed44634,45821.98,42.79,141,2,0.0009,0.0142,45779.19,clean
0xd6ce651998b7a30ff3384e5a01feab8a2da00772,1569308.99,469399.44,2000,467,0.2991,0.2335,1099909.55,partial_washer
0x438ed5bed99bc6b517e9b5a22ad3ee9e21d9e08e,1717612.19,561718.57,2000,360,0.327,0.18,1155893.62,partial_washer
0x6a7e51ddb54bdc376fd721a6cc610ccc42ccecbf,89687.68,16574.61,26,2,0.1848,0.0769,73113.07,partial_washer
0x551e72eda42a5ab39d6d78239a1d9bbb5db6b0e0,2377888.98,178740.75,2000,51,0.0752,0.0255,2199148.23,clean
0xd748c701ad93cfec32a3420e10f3b08e68612125,2529504.48,566304.87,2000,279,0.2239,0.1395,1963199.62,partial_washer
0x17ce7c9a7f768bfa98946caf7d64c9e051f5beec,587131.34,232294.41,2000,567,0.3956,0.2835,354836.94,partial_washer
0x69645cea639e7a19cbde6c126a197bc1abafef53,612909.69,147458.2,2000,404,0.2406,0.202,465451.49,partial_washer
0xa81eefec9c08fa157d855f1ac5caf8feab1903dc,1311842.51,279575.09,2000,172,0.2131,0.086,1032267.42,partial_washer
0xf0d9af9effd0b4a039899901ba19a05ea1a3e4ee,2158848.71,275121.6,2000,106,0.1274,0.053,1883727.12,partial_washer
0x6a8604701d472f663de6fb6625cf33bc303e927e,241014.59,234825.96,212,101,0.9743,0.4764,6188.63,volume_farmer
0x410aa391edffa58af64517ec579af5def62b2643,1578137.8,121329.52,2000,156,0.0769,0.078,1456808.28,clean
0x995937f2b90f0235b9773baa4bc83455ada8d99b,272100.72,16236.61,176,24,0.0597,0.1364,255864.11,clean
0x030602fd60446b5766940a4be32b8c015c096f12,604557.94,459751.22,735,502,0.7605,0.683,144806.72,volume_farmer
0xec3ab7f7b240e61434b66e18c004353976dfa709,387511.74,9652.8,2000,130,0.0249,0.065,377858.93,clean
0x5a218c7ad04135830a45c41aaed7294df7809318,71310.98,2181.83,2000,18,0.0306,0.009,69129.15,clean
0xa4b366ad22fc0d06f1e934ff468e8922431a87b8,677287.7,18814.69,2000,142,0.0278,0.071,658473.01,clean
0xe9d54da2c77d27b6daa31c346794b22d10986b9a,426597.23,347014.6,1021,436,0.8134,0.427,79582.63,volume_farmer
0xc658c7e5a12900a313ca6a8eacd8e383234d6c1b,505851.79,465925.35,82,14,0.9211,0.1707,39926.43,volume_farmer
0x088ffbbc6f2c0b3839d2832e75f37e1bcecbc9e7,1440390.6,1061173.13,2000,1623,0.7367,0.8115,379217.47,volume_farmer
0xe3479950ef6e8984df109ec5c9be40630f9fb438,63339.03,0.0,2000,0,0.0,0.0,63339.03,clean
0xcbd53c3e41081ee5125820fa5be42f49d7066962,410064.79,372946.26,77,12,0.9095,0.1558,37118.54,volume_farmer
0x19d8989ff39d548ccc2348ceaeaa4f61f9406466,500332.62,461257.3,78,16,0.9219,0.2051,39075.32,volume_farmer
0x01ed5c64d1d8905afd7917d75a5652665f5cca5f,292218.04,68.82,2000,2,0.0002,0.001,292149.22,clean
0x257ccc9c7642d3e13c355805630fe3169f752cfe,408770.44,370108.94,117,14,0.9054,0.1197,38661.5,volume_farmer
0x43372356634781eea88d61bbdd7824cdce958882,414783.18,75562.5,2000,283,0.1822,0.1415,339220.69,partial_washer
0xf36ca6d2bbe5c1f761dfe09af614196f85eb49e5,150859.88,27663.28,86,10,0.1834,0.1163,123196.6,partial_washer
0xa1ffbb2952fcd18b3b4759ccddeb7fdf90f655bd,706651.1,485321.0,2000,1115,0.6868,0.5575,221330.1,volume_farmer
0xcbca2986f03b9704d922ca031a4380103ae4145d,162056.88,158832.61,118,62,0.9801,0.5254,3224.27,volume_farmer
0xb18cc2896c1c8f984dfad2ddf673306e3a2ab41e,356759.39,1163.83,346,2,0.0033,0.0058,355595.56,clean
0xfbfb0883a151234e76a5a5ea72ffc5f47e9df563,2380505.83,0.0,2000,0,0.0,0.0,2380505.83,clean
0xeface9902242b0399856f981600b907dcc9bc9a1,81692.07,3376.6,2000,82,0.0413,0.041,78315.47,clean
0xa9e8faf20424f3efbf12abaea0e7069d7546c443,1747110.41,1025696.45,2000,750,0.5871,0.375,721413.96,volume_farmer
0xe6266639b0f2fe7019b5a04f02f60d8a13276771,2219421.17,98169.29,2000,17,0.0442,0.0085,2121251.88,clean
0x3cf2836aac4fc58b7bfa40151e9f2d4c02911fac,220617.56,203353.72,63,14,0.9217,0.2222,17263.84,volume_farmer
0x8a37fe3a49a36de9facd04bd09ee379211f7c99c,1558619.44,0.0,2000,0,0.0,0.0,1558619.44,clean
0x93d44e7cb426a5a1085cc0ce314b8f2befba7345,378718.76,8025.84,1034,16,0.0212,0.0155,370692.92,clean
0x0c4b64af62a0ac3dd477e9f80ec3eaa18e92f6db,3919074.02,1588728.49,2000,325,0.4054,0.1625,2330345.53,partial_washer
0x7e97bd09c2ccc632fb728d91b7c37d8ec5f34d54,23024428.14,2254518.22,2000,64,0.0979,0.032,20769909.92,clean
0x7bb7bccc02fec3d93b311695a42b251e465e44f2,1457311.23,966078.67,2000,1329,0.6629,0.6645,491232.55,volume_farmer
0x431d42d5696ffa1eb52cd230bf3c03081a62a7d9,535682.13,501261.26,112,21,0.9357,0.1875,34420.87,volume_farmer
0xd904ab5a9a24d704eac4a82d99527b68cded4295,500639.55,90692.39,606,225,0.1812,0.3713,409947.16,partial_washer
0xeb7456f7f5429912a6135caae264cc2d368efad6,2156792.83,129269.55,1242,31,0.0599,0.025,2027523.28,clean
0x5113b2664ff778bed9e64c15e20d4caae11fe446,2221734.08,678907.39,2000,596,0.3056,0.298,1542826.69,partial_washer
0x7a146c5e70c092d06be27097a5c770b49d0bd748,111905.69,12880.71,2000,106,0.1151,0.053,99024.97,partial_washer
0xd43fc4ecfaf5a3d75d79c4d046d2dced9e9ef1fc,875221.99,220725.19,281,111,0.2522,0.395,654496.79,partial_washer
0xcf73add1c409656c18b3d44b2e2aed28d6cbc54f,35914.33,0.0,203,0,0.0,0.0,35914.33,clean
0xc4086b708cd3a50880b7069add1a1a80000f4675,2960288.07,1300308.34,2000,1124,0.4393,0.562,1659979.73,partial_washer
0x061d42892935c2d96e618830b3c93e6e467e0dd3,21020.98,0.0,2000,0,0.0,0.0,21020.98,clean
0x3dd2db2d398ff72c2c71c9ad6473368b941e9ab1,46221.1,0.0,2000,0,0.0,0.0,46221.1,clean
0xc02147dee42356b7a4edbb1c35ac4ffa95f61fa8,656053.81,172347.19,2000,602,0.2627,0.301,483706.62,partial_washer
0xd5aff8ad5f04e6b2307882c085ee3bbd0ba05d38,1044168.2,419.58,2000,2,0.0004,0.001,1043748.62,clean
0x8ebfdc251c6c378d4a3a54a8f15cebfa4b9183ce,1278844.74,139612.65,2000,456,0.1092,0.228,1139232.09,partial_washer
0xf03b828ecb3d6aca0de71f5b09d2e639790f1196,820180.83,30188.89,2000,42,0.0368,0.021,789991.94,clean
0x0ed41b9fa5f935f771e6cefa05e52809e5e04547,513039.07,208775.66,2000,626,0.4069,0.313,304263.4,partial_washer
0x5eec1b59273669498cd2cbdda7947a46087ef4e2,778333.13,484929.22,2000,1071,0.623,0.5355,293403.92,volume_farmer
0xa8c63f775ddbbe66b56614191747def3021444e8,486501.82,201575.89,2000,776,0.4143,0.388,284925.92,partial_washer
0x6996ae50436e2e72ab1777df915b40ad0bb6408d,524559.12,86962.53,1042,163,0.1658,0.1564,437596.59,partial_washer
0x8f7bb1d97c28278e28943b8481f1a1651605154b,818499.76,596404.52,2000,835,0.7287,0.4175,222095.24,volume_farmer
0x0b644e443a404159a7b5ca4650cf2444b13549bd,640825.51,317645.44,2000,900,0.4957,0.45,323180.07,partial_washer
0xe1194d05876b71b05572c1b59bd49a157f21e30f,5077077.02,2211666.37,2000,366,0.4356,0.183,2865410.64,partial_washer
0x955c9661bf6e010beff0ba896a49f715a8c8990f,2712868.43,608990.98,2000,118,0.2245,0.059,2103877.45,partial_washer
0x0260366a9add43c25d4f4d35d2210526c6750d88,1861704.51,1662656.39,2000,1736,0.8931,0.868,199048.12,volume_farmer
0xbf4b67a4c363a5954c2e015dafca3dbb7ebe1b8b,2650611.69,1188966.16,1219,234,0.4486,0.192,1461645.54,partial_washer
0x84f831a945c64c5fe0a5fc9e543ff08f1026d348,875360.04,291760.87,809,336,0.3333,0.4153,583599.17,partial_washer
0xcaab19659b995951a44cc992447cb2ad5be324dd,442681.58,70210.54,2000,339,0.1586,0.1695,372471.05,partial_washer
0x12d6cccfc7470a3f4bafc53599a4779cbf2cf2a8,581843.6,185940.19,2000,1035,0.3196,0.5175,395903.41,partial_washer
0x8c1b9c4412cdf596d97d36632ff9b6e8ac960c85,124477.48,110198.65,43,8,0.8853,0.186,14278.83,volume_farmer
0xd8cae792b3d84d6888080401423e973337287229,444673.78,10426.7,2000,22,0.0234,0.011,434247.08,clean
0xbb9c165825e9f233d1f611b50b193fe94513072b,1112443.88,50539.55,2000,309,0.0454,0.1545,1061904.33,clean
0x43cfb584c8bfa7f322ea258e251bd656b30788fa,278415.07,150299.24,2000,813,0.5398,0.4065,128115.83,volume_farmer
0x2375550d3b98ce364476c81f663a0b878cb0691f,65130.12,560.61,2000,22,0.0086,0.011,64569.51,clean
0xf98b622967de1bfc84585ea7abdf1f9199a3bfc5,992606.64,338481.74,2000,308,0.341,0.154,654124.9,partial_washer
0xaee8e802e29a2dd32d6234a3d28e3bd7e2ca6eeb,806144.62,404609.92,2000,715,0.5019,0.3575,401534.7,volume_farmer
0x8ad71d502126d9531bf0a8ba4c7ae24281e0c55b,1680941.06,1263133.72,1745,1108,0.7514,0.635,417807.35,volume_farmer
0x50bf938a81e4d9d990a96a7243ba4588c06c33e5,160092.11,145846.62,57,10,0.911,0.1754,14245.49,volume_farmer
0x0247aba898420d81ae413e08f169e4b4574dbb07,25637.84,4632.21,2000,32,0.1807,0.016,21005.64,partial_washer
0x26a9db0464b0223ec750d64db9c8f3b27dc2f6b7,177908.74,20013.47,2000,54,0.1125,0.027,157895.26,partial_washer
0x357ecb1969b0a288d37e6a28223e620ef2082a0c,646629.01,122881.62,2000,253,0.19,0.1265,523747.4,partial_washer
0x71ca04d689bc38c5e4dcda8a4d743f279c5a3501,1052139.68,209021.51,2000,122,0.1987,0.061,843118.18,partial_washer
0x17fdaec5c74beb575741765e486ae115197f976f,411511.98,252114.76,315,169,0.6127,0.5365,159397.22,volume_farmer
0x45670b57336cefce56a327a657848b8fb84f6731,140979.4,0.0,145,0,0.0,0.0,140979.4,clean
0xf5d92058c977a9c957c6cbfbe3e9a27c83a9be50,2232864.45,1093196.35,2000,600,0.4896,0.3,1139668.1,partial_washer
0x631c2b93ff03c21d29b2b73af4ff965e88ea450f,1884478.05,895412.82,2000,638,0.4752,0.319,989065.23,partial_washer
0xe864cadf3bb8ca35ae036070b6da40e56a21ce58,228290.07,171206.81,2000,953,0.75,0.4765,57083.26,volume_farmer
0x924459f9dbdac960edfc02ac45e0db92df2f4b6e,487653.55,190458.82,1366,313,0.3906,0.2291,297194.74,partial_washer
0x1e55408f217f58facdf1d663c74cfa7f55e9e3e2,883342.25,544791.7,2000,1035,0.6167,0.5175,338550.55,volume_farmer
0x08ce2678c929934de9edea698a998aea9dbc295e,3283198.63,298321.64,2000,357,0.0909,0.1785,2984876.99,clean
0x662244931c392df70bd064fa91f838eea0bfd7a9,756756.13,352999.52,2000,645,0.4665,0.3225,403756.62,partial_washer
0x3376af22d333213cc84be18e9687d421ef5d3c7f,111912.37,20.0,2000,2,0.0002,0.001,111892.37,clean
0x7ebb515c9764303d960badf8a91c7e8635e0ea5c,164963.17,151372.5,71,16,0.9176,0.2254,13590.66,volume_farmer
0xaac2469db4c243a2931acc252967b171bd97e8ce,1965849.06,665560.89,2000,837,0.3386,0.4185,1300288.17,partial_washer
0x710dc6879d28f9f078ad04fb493129790a9e33d3,24968.39,0.0,1,0,0.0,0.0,24968.39,clean
0x3de2e890c758a13eb23afa4faee3bd49e68c0c64,1524461.14,1073376.16,2000,1259,0.7041,0.6295,451084.97,volume_farmer
0xa710f0eae9129df28a52e886902c443364004173,380373.0,174914.0,2000,637,0.4598,0.3185,205459.0,partial_washer
0x1e1f17412069c0736adfaadf8ee7f46e5612c855,1085929.48,437411.61,2000,235,0.4028,0.1175,648517.87,partial_washer
0xac3e7ebbce3d0a660fe97c830460c2b61cda9aeb,1122550.8,915551.52,1735,1216,0.8156,0.7009,206999.27,volume_farmer
0xe3726a1b9c6ba2f06585d1c9e01d00afaedaeb38,6000.73,0.0,2000,0,0.0,0.0,6000.73,clean
0xebaa32ef12d502ab6ade6cdc7abe6d30902298a5,23797.43,0.0,26,0,0.0,0.0,23797.43,clean
0x9578af80708f271f705e27867dcf6ec653acf066,127773.83,24708.33,2000,487,0.1934,0.2435,103065.5,partial_washer
0x5992fc75b0d4e83a762f21ef94e924e6f571c50c,129701.14,117642.84,58,11,0.907,0.1897,12058.3,volume_farmer
0xad529df14c293d77984a0137990a1441b25211ac,66474.5,19172.46,2000,363,0.2884,0.1815,47302.04,partial_washer
0xa53c1af7de0b82de3fec9fa53e2662dbe49b563b,301771.27,277462.13,74,14,0.9194,0.1892,24309.14,volume_farmer
0x53a4f5be7d64abd9c49835374b5686cb86454447,732157.98,373447.91,2000,281,0.5101,0.1405,358710.07,volume_farmer
0x6d7776a0f954be1a7c975a1e8244de6268f7b72c,1705510.19,1175695.99,2000,1146,0.6894,0.573,529814.2,volume_farmer
0xc6458de3f6ce33825e144754a16af5f3ae32abec,22742.89,22742.89,6,6,1.0,1.0,0.0,volume_farmer
0x0e7fa09bf44514693b5ecc2420c50abc39b62015,23649.97,1101.03,2000,124,0.0466,0.062,22548.94,clean
0x6f87226f46d8511fb169fdba58589e8184d9f277,1048183.5,87764.93,1592,110,0.0837,0.0691,960418.57,clean
0x80ab6ab7646efb38367ea5a180f29042fab16c7a,181622.51,2.77,2000,4,0.0,0.002,181619.75,clean
0x0c0e270cf879583d6a0142fc817e05b768d0434e,754319.35,67337.96,2000,88,0.0893,0.044,686981.39,clean
0x3b6f69514a991a8014df6af4fdc0b5d464236b78,197762.08,34893.54,214,13,0.1764,0.0607,162868.55,partial_washer
0x2d9ad4d1cc6a2f9f786fdb3fd1525328ad747991,302592.06,56178.21,2000,175,0.1857,0.0875,246413.84,partial_washer
0x70bbae8501e8f346168c06c32e9f7d42afc1b180,8599857.15,103402.99,2000,15,0.012,0.0075,8496454.16,clean
0x21c9593b82f51a2bfd9630475b6029c5ae6e1b1a,1094888.7,630364.49,1098,467,0.5757,0.4253,464524.21,volume_farmer
0x7f67da4847bae276247fd9c23fc2999193528df0,237761.79,233853.95,182,130,0.9836,0.7143,3907.84,volume_farmer
0xaaef789cc9037967f64f780d72f00d52277c472a,965468.36,297139.19,2000,318,0.3078,0.159,668329.16,partial_washer
0xae63478e9b154cd21ee55ce2ca8d9061b6a7918e,288222.74,265105.9,73,13,0.9198,0.1781,23116.85,volume_farmer
0x5ed4f8062ead4dea870c7e9f30815dbe62c78458,24619.09,2576.29,9,2,0.1046,0.2222,22042.8,partial_washer
0xe9a196ec23f224f5cccd55f0b525ef8f153f6ae4,250971.82,236705.05,36,20,0.9432,0.5556,14266.77,volume_farmer
0x7b676d5a6379855773d405fcf19b9aa577651b07,119923.58,29393.14,2000,866,0.2451,0.433,90530.44,partial_washer
0xe4ccbf5b355b5ae2044c3829fa12703365a8d15b,2540575.43,0.0,522,0,0.0,0.0,2540575.43,clean
0xc24b14745136bb9b11f2af924fcad419d2037281,219475.92,199331.33,70,11,0.9082,0.1571,20144.59,volume_farmer
0x79b7bfdb317399ed0d7815ed5b95f632f3cfc926,1408995.87,178018.17,504,14,0.1263,0.0278,1230977.7,partial_washer
0x59d59ae47618f3b340482d175dfc8cf13b2ba273,70501.29,0.0,390,0,0.0,0.0,70501.29,clean
0xab57cc188d8b0e3938005dcb55960e1768a2842b,3066837.62,1504764.77,2000,868,0.4907,0.434,1562072.85,partial_washer
0x6828e04b468e17d92fa1e5d60d59290278a81056,233984.83,67889.9,2000,810,0.2901,0.405,166094.93,partial_washer
0x355f3b6a0e5b430a21b5067403c2f4507dbc0df8,946943.45,509257.77,2000,741,0.5378,0.3705,437685.68,volume_farmer
0x596ac7863897df6610ccefc5a7bec753b0074207,90827.86,37280.59,121,111,0.4105,0.9174,53547.27,partial_washer
0x72a22d4d155079da8f50c89d4c6c03b6428e7b65,626097.08,261617.58,2000,668,0.4179,0.334,364479.51,partial_washer
0xfd5294de1d526489fede36ee0e43ae4779050c2f,396330.59,3012.98,2000,10,0.0076,0.005,393317.6,clean
0x5c14eb6a6d5083c003daa8241ed559d2dc82cc49,1380793.71,40338.3,2000,382,0.0292,0.191,1340455.42,clean
0xd5ece8e58bce60807cdb5f72464b423c0de57b2e,1099300.1,552614.97,2000,829,0.5027,0.4145,546685.13,volume_farmer
0x090a0d3fc9d68d3e16db70e3460e3e4b510801b4,2870575.14,622250.75,2000,172,0.2168,0.086,2248324.39,partial_washer
0xe639e41094bbeae18f3e6d1790c17299183f082a,6097041.3,897128.4,2000,746,0.1471,0.373,5199912.9,partial_washer
0x9bf6a9c33553ace7af0fe38ec78e847a6fec26bb,264114.64,242975.59,71,14,0.92,0.1972,21139.05,volume_farmer
0xbf34ffc4d0d851d45b851ead2a291abb53f05af4,111417.19,73378.98,9,4,0.6586,0.4444,38038.21,volume_farmer
0xb20d26cc96515f773073dd270aab7e12bcb4db55,416874.08,140584.74,934,123,0.3372,0.1317,276289.34,partial_washer
0x6e8db4a86e7f856d181ca4a7b5668ebb0415e019,404241.97,207691.04,474,259,0.5138,0.5464,196550.93,volume_farmer
0xc30c0116e9a5c17f1c03240a0b02a819fe646509,1035432.92,52932.2,2000,600,0.0511,0.3,982500.71,clean
0xa6d77f2be2ae43e5faa72bd5be65eaa8e67639fb,149775.87,148588.0,170,163,0.9921,0.9588,1187.87,volume_farmer
0x79d4baa7ae8542bb617bc673f0ac2101db986d24,1007530.66,341750.84,2000,398,0.3392,0.199,665779.82,partial_washer
0x22b6fb0b2005849c5dddc22463e6f19e80dd34ca,144757.23,76786.77,55,22,0.5305,0.4,67970.46,volume_farmer
0x6a72dfe9e6c4cdb3c7ce3bc2b20a67788c66f81d,25181.42,0.0,2000,0,0.0,0.0,25181.42,clean
0xcd3675803ac7c8242a83fd6ecdfe3d2239ae0f01,1484913.42,0.0,2000,0,0.0,0.0,1484913.42,clean
0x44ef50f4a67c47044efa972cb7dbe9878932ff3d,1807004.7,289171.52,1720,354,0.16,0.2058,1517833.18,partial_washer
0x54b56146656e7eef9da02b3a030c18e06e924b31,415714.34,349387.85,2000,1668,0.8405,0.834,66326.49,volume_farmer
0x45fcded0698185e85f5bd6fb5ad3b739be8a2bf4,211481.1,190511.34,56,10,0.9008,0.1786,20969.76,volume_farmer
0xc1259ddd92f58aded52d029e37e3fbbebafaa4c1,42370.99,0.0,51,0,0.0,0.0,42370.99,clean
0xda9f7647c58deb560ca7d85e2b7ea55ef489d7f6,56237.61,0.0,217,0,0.0,0.0,56237.61,clean
0xb51b3beffd13cde071ed799e70a7b0b598e8b4d9,338801.1,79953.62,2000,378,0.236,0.189,258847.49,partial_washer
0xfd2b05928e63a513efda1e60d6d925b271e29ff9,373346.16,293480.35,2000,1183,0.7861,0.5915,79865.81,volume_farmer
0x4825c873a8c890bdaff00d253a23e8e09eb95ec5,487382.68,256915.94,2000,415,0.5271,0.2075,230466.75,volume_farmer
0x1026f57a8c836a402e184a867173dd5e0703460c,40655.0,36903.68,44,8,0.9077,0.1818,3751.31,volume_farmer
0x830e68e26b3b454183b704901273a5ccda2a7099,505783.75,233113.45,561,301,0.4609,0.5365,272670.29,partial_washer
0x8e17345f1c71ee88808c3d0724767947767b2301,83754.57,2.02,300,2,0.0,0.0067,83752.55,clean
0xfed87dc16e9799dc91807c6b86d93547d8915339,1004448.17,0.0,2000,0,0.0,0.0,1004448.17,clean
0x9efd78379ac711510a078582dbb366144e971880,285323.64,285113.04,2000,1992,0.9993,0.996,210.6,volume_farmer
0xe37c165d4f9fcce68d7052105ee1bbb10312b3fb,181704.51,181704.51,20,20,1.0,1.0,0.0,volume_farmer
0x0c36bdedfbe0282ad9583bb30e4d2f0683d074df,48989.52,0.0,2000,0,0.0,0.0,48989.52,clean
0xf99f8da6766f845470ae1813323b2567367adf5d,565520.49,565036.33,1133,1107,0.9991,0.9771,484.16,volume_farmer
0xbe69fe92d586eace1ebca958ce12157a687c0a27,935128.22,212786.24,1836,343,0.2275,0.1868,722341.98,partial_washer
0xaa53b469a9d2118e951a395d6c598be9c7b856c0,611416.77,608837.63,1110,1007,0.9958,0.9072,2579.14,volume_farmer
0xdbb9b3616f733e19278d1ca6f3207a8344b5ed8d,483835.25,0.0,2000,0,0.0,0.0,483835.25,clean
0x33e5945c1f0843c3068d8418ba90c2accd081c91,376453.53,188878.56,2000,570,0.5017,0.285,187574.96,volume_farmer
0x06dcaa14f57d8a0573f5dc5940565e6de667af59,626063.35,457800.62,2000,870,0.7312,0.435,168262.73,volume_farmer
0xe72b5161380c12a3da4ea6d53be7b9e85e693c9c,467913.15,5495.92,2000,20,0.0117,0.01,462417.23,clean
0x8e9eedf20dfa70956d49f608a205e402d9df38e4,657629.21,0.0,2000,0,0.0,0.0,657629.21,clean
0x0a543bb97015206f67e1bc5ead7c2d60baf64a03,11619229.43,986388.96,2000,654,0.0849,0.327,10632840.47,clean
0xec48c76b149c9426eef806e44c68f0b1e5120bd6,134363.29,51307.57,244,17,0.3819,0.0697,83055.72,partial_washer
0xcdb1f1ef8213c06911e4ba6a884176c5571e276c,756297.01,405871.57,2000,1095,0.5367,0.5475,350425.44,volume_farmer
0x682e388668c2da2c40631665dea992b8a72b70bd,1057986.32,150416.72,991,233,0.1422,0.2351,907569.59,partial_washer
0xf32a44b612a60f2b0c0f23c419876ec1c89c06fd,861354.98,243558.9,2000,421,0.2828,0.2105,617796.09,partial_washer
0xdacf9f8d0341fa3770fae5c7ccd9dcfed23e3c74,340152.05,23939.9,2000,134,0.0704,0.067,316212.15,clean
0xa4e2fb05cf791e054063a406010cdb7f762eb8f5,336696.85,176367.09,2000,402,0.5238,0.201,160329.76,volume_farmer
0x8454f39e7fa6957dfbf1ecc574820ada1c92331a,1286589.63,842162.37,2000,681,0.6546,0.3405,444427.27,volume_farmer
0x2d613c30614b68eada0a37d65bddf3778d981fa7,475353.58,119080.15,2000,156,0.2505,0.078,356273.43,partial_washer
0x54ea11bb74c2b2b198916d33127575e739ad4ae3,183953.24,167203.65,57,12,0.9089,0.2105,16749.59,volume_farmer
0x05dd60fc2e11f69a3fa30b19273891cd501ce2af,429855.05,63181.92,2000,328,0.147,0.164,366673.13,partial_washer
0xa4f74e3c870ecdb6bc034078b97f32cc9df068c2,1174979.13,974025.06,1413,798,0.829,0.5648,200954.06,volume_farmer
0xc90ee7cb58d79756f5064770fa90c06788cc4ef5,17925.07,0.0,29,0,0.0,0.0,17925.07,clean
0xc926fc44c23ab78fdae5a6da7dddf8f2aa6a8058,356908.01,130686.85,995,210,0.3662,0.2111,226221.16,partial_washer
0x8e77537e059837d3c2ca5b4efe75e74e9498c4f3,1180555.5,0.0,2000,0,0.0,0.0,1180555.5,clean
0x5e9c76f30788f31f6c6867f5f44b1e95a7a7cd75,389377.14,3878.26,2000,17,0.01,0.0085,385498.87,clean
0xa66790e2b0075e73c3781ddaf1d0b875a3aaceb3,61307.33,104.61,2000,32,0.0017,0.016,61202.71,clean
0xa3e961ce67034afb60cbdd862df04db6f37b1279,3369990.13,2476690.98,2000,1708,0.7349,0.854,893299.15,volume_farmer
0xb20ac3fbbe4f24a70186f498ebe70e232ffed09d,1510412.17,852435.34,2000,872,0.5644,0.436,657976.83,volume_farmer
0x3b4a4348eb19c3c4fff014fe938c1316118c07fb,422151.37,264636.68,836,390,0.6269,0.4665,157514.69,volume_farmer
0x729730166cce311d8898d637a5b0a796f3e22108,205829.1,87281.94,427,71,0.4241,0.1663,118547.16,partial_washer
0x22e645acff2bbb2cd7a74462f8779eb6f53d409f,162964.15,35688.95,2000,452,0.219,0.226,127275.2,partial_washer
0x668d85d791049bf0100e557a72c7ed4dc97297d2,519863.39,174417.75,2000,403,0.3355,0.2015,345445.64,partial_washer
0x87c79cc17ca8a1049b8ee864a460c3521cd8e71d,2476687.62,1310691.42,2000,886,0.5292,0.443,1165996.2,volume_farmer
0xf0d5eb1cbe7350f1f896ade6c172e6700414c665,835424.59,331603.15,2000,513,0.3969,0.2565,503821.44,partial_washer
0x5bc1e70ddaecaf9d0eda2b174579c5dcc4ab3a52,52541.33,29180.42,81,11,0.5554,0.1358,23360.91,volume_farmer
0xeb0e667a861f9534a8ed37d4568733f537c22d95,212113.77,194582.17,72,15,0.9173,0.2083,17531.6,volume_farmer
0x96b59f71f635da5da031e3e93448c54fe226f5e7,2957595.65,1207512.7,2000,889,0.4083,0.4445,1750082.95,partial_washer
0x220ce36c47fa467152b3bd8d431af74f232243c8,1207731.77,185800.06,2000,191,0.1538,0.0955,1021931.71,partial_washer
0xf243214fe503da5e059824b668d6f43cf0835fb4,498515.95,139865.55,2000,389,0.2806,0.1945,358650.4,partial_washer
0x0dde1b35552efae5aa3759aedb6fa7b2d6f594c3,460822.3,165701.58,2000,645,0.3596,0.3225,295120.72,partial_washer
0x4b2995b6c8cc2cf56899ad62ee87c3f70c97716f,1474423.2,444000.0,1030,156,0.3011,0.1515,1030423.2,partial_washer
0x01132c4bd97c5b1f51201ae7ddcb50a16aee6f26,851541.27,333656.58,2000,513,0.3918,0.2565,517884.69,partial_washer
0x0015c5a76490d303e837d79dd5cf6a3825e4d5b0,488041.92,245801.83,2000,542,0.5036,0.271,242240.09,volume_farmer
0x954f63e01e948425d627468cf78e9a8850ab025d,569348.48,480700.81,1842,1368,0.8443,0.7427,88647.67,volume_farmer
0x6b592c31f9a267ffeea69b889ab4b212320ad12a,44762.78,5062.05,725,21,0.1131,0.029,39700.73,partial_washer
0x6a1b7fbe995f76959566e2d22f4921f5e1201bd8,122905.85,122865.4,26,12,0.9997,0.4615,40.45,volume_farmer
0x9db778f46b7c9b458045764a67ff4afcae917e1f,2048892.81,168608.37,2000,236,0.0823,0.118,1880284.43,clean
0xbad26fe5458e6219cec3e40272760e275e835296,279432.61,82941.97,2000,548,0.2968,0.274,196490.64,partial_washer
0xa5e3044fd953605f9407d58c76e48fd75a394d7e,49804.48,4429.56,2000,206,0.0889,0.103,45374.92,clean
0x5cd5c8d7a17c78d7389d8b87b611aed83322ac33,459156.56,7225.05,2000,38,0.0157,0.019,451931.51,clean
0xf2f6af4f27ec2dcf4072095ab804016e14cd5817,207139.64,0.0,2000,0,0.0,0.0,207139.64,clean
0x03e3eddf26f8793e113b8cd68e4ad388bce310e9,168178.7,66175.71,155,50,0.3935,0.3226,102002.99,partial_washer
0xf1f9a438f2697381b4ac8eb283d6f4dd772d1245,436804.74,149975.87,2000,500,0.3433,0.25,286828.87,partial_washer
0x1809fb28d70eee006a8fca602f74c99b4cef4eb7,121789.82,63193.38,2000,706,0.5189,0.353,58596.44,volume_farmer
0x58c028e7c41ba7ef2bde2142cd371cf491661c8e,130974.31,69238.06,2000,186,0.5286,0.093,61736.25,volume_farmer
0x9a3fa403a6666eef75f92f181fcf13f9c051914a,319682.52,32073.17,2000,64,0.1003,0.032,287609.35,partial_washer
0x0e65acd3fccbdf60e7ac42afaad32bf1c940e33f,504147.28,176135.05,2000,676,0.3494,0.338,328012.23,partial_washer
0xc1afe52775b5118a12bcd98f44a677e3d4490dae,1096175.41,649757.04,1485,572,0.5927,0.3852,446418.37,volume_farmer
0xe89ea370d21cfe36a27c4236f348a884c36b0600,45291.26,0.0,2000,0,0.0,0.0,45291.26,clean
0x477f156a229f1a174fdf945c778b7362dd2b19aa,319339.01,15763.09,2000,83,0.0494,0.0415,303575.91,clean
0x78bcfed7902a23cb432c7d83cbb05875951e483c,558328.11,286160.02,728,220,0.5125,0.3022,272168.1,volume_farmer
0xcd7ace61d8a7b99c3b40fc5505b5cfd9ea5daae9,754293.73,741445.24,1876,1791,0.983,0.9547,12848.49,volume_farmer
0x82001288e3b1f5dd413e3126a34e1583badedf37,306097.59,185342.65,2000,800,0.6055,0.4,120754.94,volume_farmer
0x162f6fff88a52864f2ecc9833e58089d5254798d,1255700.95,354448.0,2000,342,0.2823,0.171,901252.95,partial_washer
0xdd572169e741c72227589c5cb56b9ddd638d694d,88211.98,32674.32,2000,1645,0.3704,0.8225,55537.66,partial_washer
0xf434e8aee8c7f83ed0d7e36f281383ee1d99c6aa,161589.5,59983.31,2000,468,0.3712,0.234,101606.19,partial_washer
0x1bfec39c98796ae25aec24c6e5821b6a1cc1ab8d,642724.92,303267.36,1629,708,0.4718,0.4346,339457.56,partial_washer
0xb7e90681f15a36e24591baf24645f84726b6bdac,106590.91,80839.04,2000,932,0.7584,0.466,25751.86,volume_farmer
0xf0b0ef1d6320c6be896b4c9c54dd74407e7f8cab,17452.75,7611.04,2000,602,0.4361,0.301,9841.71,partial_washer
0x4cc3522b689a6bf1fb4a2444c523e7776db47552,553304.87,178480.38,2000,336,0.3226,0.168,374824.49,partial_washer
0x03f02009d35e9a20cd18ed817d15e3c568d363e0,270965.29,204790.89,2000,1001,0.7558,0.5005,66174.4,volume_farmer
0xd49ed5d49e000aa7ba3631b02229f7d3e0338541,728242.46,210944.49,514,158,0.2897,0.3074,517297.98,partial_washer
0x13414a77a4be48988851c73dfd824d0168e70853,885667.02,0.0,2000,0,0.0,0.0,885667.02,clean
0xd5b97d08ec6098407bfbf66c2786ccc9967fe44e,371052.23,20094.72,2000,151,0.0542,0.0755,350957.52,clean
0x211e247d8e7f68b78fdace32249ac16c8fd335dd,1197352.59,120511.99,2000,110,0.1006,0.055,1076840.6,partial_washer
0xeec50edede5d961efb02e20bfd3275dd1e7fb6fe,342551.1,176126.01,2000,758,0.5142,0.379,166425.09,volume_farmer
0xd71a00e4cd4c7caeedaad16b1b16eae72cbd78c9,553516.32,390084.79,1149,523,0.7047,0.4552,163431.53,volume_farmer
0x55173bc7f6e52f45ec05fd14fbc6f34e81b6e334,41001.35,128.4,2000,18,0.0031,0.009,40872.95,clean
0x5e3e7a8a70ea656647d6d95b3177fe27d6314a75,122666.63,26177.06,83,7,0.2134,0.0843,96489.57,partial_washer
0xf112602dbb64fcbef27bb9965e8abce9b92228b4,109441.95,92187.73,258,44,0.8423,0.1705,17254.22,volume_farmer
0xcb59ea1babf3b26ea50088057e427ab0ed8f0a22,1098277.58,626204.36,2000,657,0.5702,0.3285,472073.22,volume_farmer
0x47ae6d13566c3418c4795c98ced1f197575eee94,400925.11,249706.88,2000,907,0.6228,0.4535,151218.23,volume_farmer
0xe904443b4084bbda216e344353a44cd4324a2d9f,195064.93,23276.85,1951,163,0.1193,0.0835,171788.08,partial_washer
0x3b485b0f894b391c04399efcf4e6b0648233050c,253586.82,92505.49,1209,188,0.3648,0.1555,161081.34,partial_washer
0xa9b44dca52ed35e59ac2a6f49d1203b8155464ed,620610.07,21163.39,2000,712,0.0341,0.356,599446.68,clean
0xb1a190be02cafacb6c30b98beb621503d5e2d308,251720.85,96619.67,2000,412,0.3838,0.206,155101.18,partial_washer
0x03ac67436f169bb5348653f991d498bcb4944f55,206029.26,142217.44,2000,1108,0.6903,0.554,63811.82,volume_farmer
0xd98635c6bafebb11787bdbfd80688612d1bc1320,364395.57,58848.35,2000,226,0.1615,0.113,305547.22,partial_washer
0xb766be2ee36ae2d42b236e3fb16dbfb317351d83,588462.21,213599.59,2000,390,0.363,0.195,374862.62,partial_washer
0xc02356284def0c089d0ae810420ef5425865ccf8,293122.89,155623.46,2000,1002,0.5309,0.501,137499.44,volume_farmer
0x44d6fd72a9e97120632c785c5085d55a97c7497f,449213.72,269574.65,2000,276,0.6001,0.138,179639.07,volume_farmer
0x2a315a8d15cfde768bcd47ba5cacf3ef5894f2f0,108832.47,4.12,2000,2,0.0,0.001,108828.34,clean
0x8964b58c08b784ecfe1d9344223692263d130bec,526154.73,142511.56,2000,248,0.2709,0.124,383643.17,partial_washer
0x5269bc324d8affb5d0393a48f06f8d95c54645f0,133693.83,120836.06,60,14,0.9038,0.2333,12857.77,volume_farmer
0xbb08f6eb66d7f650bedeb428f9545bb8dfb2e97c,102631.93,87306.16,257,44,0.8507,0.1712,15325.78,volume_farmer
0x0aae5c4ec45339a64a1dd2fe4ba98c2a19eb251c,1860651.62,1090844.89,2000,1140,0.5863,0.57,769806.73,volume_farmer
0xf52b36bfa95aeaeb6c1ad1a2a7ab3843d0fbe873,17999.44,12645.45,16,10,0.7025,0.625,5353.99,volume_farmer
0xd81fbc5c53593e4e2923a641ff2bc7e2d9866b75,119215.14,60164.32,2000,709,0.5047,0.3545,59050.82,volume_farmer
0x9dfe2f73d3c988a9d69df8fa0beb85651340b3dd,627177.5,145309.41,2000,307,0.2317,0.1535,481868.09,partial_washer
0x9564616d13843f81af827d090f01cc44ed572433,224707.24,190528.56,256,149,0.8479,0.582,34178.68,volume_farmer
0x74e4acfd9ea43aee54a2fd7b0391c1f0140ec23f,353400.13,173037.86,1542,513,0.4896,0.3327,180362.28,partial_washer
0xa90a503be86f5bb5e4ba91dd0d4704beb194041f,726398.29,470125.0,358,135,0.6472,0.3771,256273.29,volume_farmer
0xae8c0a7928da80db160aafb1ddb33103539593cd,713788.93,263050.6,1252,324,0.3685,0.2588,450738.33,partial_washer
0x0224bb9eb0a5c9fd261ac9123a72cbdd5748292a,1251294.89,79964.73,2000,108,0.0639,0.054,1171330.15,clean
0x178d913891fee26e0380817f7689d41d33e474ed,522797.04,154572.44,373,167,0.2957,0.4477,368224.6,partial_washer
0xcb0630334a1385991aa72d02156f5ae137fe43e2,214262.07,44711.65,193,32,0.2087,0.1658,169550.43,partial_washer
0xbc1d37ac21ddca26b7c3f718922be3f24df7f405,155395.4,143142.43,69,14,0.9211,0.2029,12252.97,volume_farmer
0x2fe362752c3df1aa563da75e985213db439fa828,1114740.38,442385.17,953,278,0.3969,0.2917,672355.2,partial_washer
0x2c3928af89565c352afe8e2a1b25deed77a056dc,851241.34,113755.93,2000,271,0.1336,0.1355,737485.4,partial_washer
0x69b84bac876e7f993b585a571b71039a7583d47c,13800.72,0.0,148,0,0.0,0.0,13800.72,clean
0xecefc7da07fa0b130b6ebfbbf669861248f0558a,118758.75,30267.73,2000,812,0.2549,0.406,88491.03,partial_washer
0x5d5e32dc9a054f4e4da123353dded3e2ac379a5e,180296.03,11478.02,2000,72,0.0637,0.036,168818.01,clean
0xe9157b6c26f920d23eb1b1bbf8ecfbb741ad4a53,617064.78,164832.26,895,188,0.2671,0.2101,452232.51,partial_washer
0x457391bfdebea6a2dc05035bbc306a822e6c51b7,79833.6,72597.01,66,12,0.9094,0.1818,7236.6,volume_farmer
0x09fe78c8b9f10fb9c7c0a584bfab4205c76876ee,12134.48,27.59,2000,6,0.0023,0.003,12106.89,clean
0x11e829d2a19e7ade935861fb043715766a015b74,1028259.2,224306.82,2000,248,0.2181,0.124,803952.37,partial_washer
0x7a96a4c68b6b52ae1b7c4c86543d5fbe85f43d0d,320243.94,297818.69,438,366,0.93,0.8356,22425.25,volume_farmer
0x687e59938610cf71003c56ec34eb850b42d54a93,11772.12,0.0,4,0,0.0,0.0,11772.12,clean
0x9b34bb6d4a22f3149a6be9c48ff9b4a4655975c3,124875.87,85138.87,109,68,0.6818,0.6239,39737.0,volume_farmer
0xbfb3b7bd96f923fc22ecc8fb416d4dc5d3b24b43,1115264.35,510652.74,2000,785,0.4579,0.3925,604611.61,partial_washer
0xb49f468c15c49783f2664c7198a4949ade1b12e6,45880.48,15393.46,2000,7,0.3355,0.0035,30487.02,partial_washer
0x06e8cb40376ff9f06d926e71a0740821f1914675,328831.1,103455.64,2000,390,0.3146,0.195,225375.45,partial_washer
0x5e0e2580797ad9dd2786d7dc5f129781203112b3,295407.25,211788.91,126,54,0.7169,0.4286,83618.34,volume_farmer
0xb3d58d42c5afc01e33cceba09a8a770858b6391b,106635.73,88541.67,130,50,0.8303,0.3846,18094.06,volume_farmer
0x78048aa26ac1967566b8ed11910b529e5f2d7025,930439.28,49763.83,2000,9,0.0535,0.0045,880675.45,clean
0x4a2313b6abb5229f02cd380c9fb7a884ecef079f,230606.25,59149.79,620,155,0.2565,0.25,171456.46,partial_washer
0x0b8d2f811ba1c5bc3f1157f5f77a492c4cf4c3a9,48835.34,4836.25,222,41,0.099,0.1847,43999.09,clean
0xfd19367c558497716fcc5752b27b228e9d729e0d,13434.37,0.0,139,0,0.0,0.0,13434.37,clean
0xf0729143cbf9ade46743017ec4e1832a3564cee7,746470.69,387343.85,2000,912,0.5189,0.456,359126.84,volume_farmer
0xbfa57fa84f0d9bddedc517a721a0a5e41c766305,617698.15,617166.77,1579,1540,0.9991,0.9753,531.38,volume_farmer
0xa45cdb0a5ba4629b5c7860dc3f310978a4dd1d10,204425.19,32055.9,2000,86,0.1568,0.043,172369.29,partial_washer
0xfde61db51b60faccbbafc88bc3590584e1bc1f5c,122800.34,111041.14,59,11,0.9042,0.1864,11759.2,volume_farmer
0x3861f3be40ebaf7bdad54b12113638f6eaddb1ba,53803.04,20693.72,9,2,0.3846,0.2222,33109.32,partial_washer
0x991b8cdcdc18b74eef8db47a9e89ff0f17a4f19a,402973.47,100712.29,2000,416,0.2499,0.208,302261.18,partial_washer
0xa3ea0e0b10f43c8679103e1af35f3c36f0830637,361479.73,138814.26,782,229,0.384,0.2928,222665.47,partial_washer
0xed3aadc9805cab85508320d17d5d572c47e19b17,1705995.3,777347.87,2000,747,0.4557,0.3735,928647.43,partial_washer
0x5927dbe43996c2d2eaf326837c67714516c27cac,105716.95,64916.86,271,92,0.6141,0.3395,40800.09,volume_farmer
0xdc8eea2c843920f45f61ae0e98a0d0588a4fc16a,139343.94,127909.01,88,14,0.9179,0.1591,11434.93,volume_farmer
0x46a126607ef4636590a5fe002176af5af33c6cde,498553.54,497521.07,2000,1958,0.9979,0.979,1032.47,volume_farmer
0xafbacaeeda63f31202759eff7f8126e49adfe61b,135061.45,0.0,2000,0,0.0,0.0,135061.45,clean
0xa5c73969669c0ea5e065c83858109e9c09c4ef50,27835.09,26689.48,68,36,0.9588,0.5294,1145.61,volume_farmer
0xc98b99ed7f9748fb3eb8d13d0e4531d023286430,536056.17,312980.52,2000,842,0.5839,0.421,223075.65,volume_farmer
0xb1aad9392ed144ad577e2e55fb83c783e52e16cf,166596.13,37356.03,2000,301,0.2242,0.1505,129240.1,partial_washer
0xfb5148fc7223630e0967dbfa8cd920d83ab4742d,843736.7,314962.8,2000,522,0.3733,0.261,528773.91,partial_washer
0x8979f8b442b8e79bbb886b28d60abe611ed5f003,151204.47,107096.54,998,360,0.7083,0.3607,44107.93,volume_farmer
0xe50426e53bc1485ee7d1ae741c606e2b679770ef,510182.63,170024.23,2000,384,0.3333,0.192,340158.4,partial_washer
0xfaab37ef60570779bf3ac6dbf017a286b14ce6f2,551823.94,342929.72,2000,599,0.6214,0.2995,208894.22,volume_farmer
0xb64296fe45033afb65df4be08e42945190cb166b,132823.01,121971.45,63,15,0.9183,0.2381,10851.56,volume_farmer
0xf5acb92de618eac7aa4168f73fe2a414556e557c,204592.5,166495.85,110,47,0.8138,0.4273,38096.65,volume_farmer
0x6a88c5ecd262e2c42e78bad8e6db7ab3c4e4b859,862727.82,464.94,2000,4,0.0005,0.002,862262.88,clean
0xfeeebcf1bc01c2c3b676f876cbad907ddc1fa4a9,636808.96,211765.41,1313,210,0.3325,0.1599,425043.54,partial_washer
0x1d31ae144d864c7df98aaccab91051a4847175d9,181040.0,165691.86,255,93,0.9152,0.3647,15348.14,volume_farmer
0x7ba5354929bf388707f397c8b21b8322dc954252,1097185.33,2133.58,2000,731,0.0019,0.3655,1095051.75,clean
0x45b0efd6a5bdbd114d9ed30c505cfbaea1eb4857,117554.2,8408.18,2000,142,0.0715,0.071,109146.02,clean
0xb03b826a4fc9893b35d3ddf4f11be824525b6ca1,2580179.56,1241009.42,2000,915,0.481,0.4575,1339170.14,partial_washer
0x9c18dfdcec34de2897f399fe088f3781af51252b,118921.86,117786.65,91,83,0.9905,0.9121,1135.21,volume_farmer
0x2b366034b69b64a444406b2db7ec1ff7869c473b,101378.67,2274.08,2000,132,0.0224,0.066,99104.58,clean
0x4b7410aefbf0f38012b0dfb1131a4de147a9e8d7,245989.74,210380.87,2000,1409,0.8552,0.7045,35608.87,volume_farmer
0xeee89734db13f62660dccaf1a15037402d1a79df,40148.94,700.0,2000,2,0.0174,0.001,39448.94,clean
0xab7b6b4ac0426ada55d895564bee7c26cbdaf350,443008.2,205196.72,2000,485,0.4632,0.2425,237811.48,partial_washer
0x9690d9f51b618222c29567c3b39aac2935a5f2d5,353613.14,110208.41,2000,468,0.3117,0.234,243404.73,partial_washer
0x1f7ffa3efbbe5d075d7c3eefe98dce9d8f05f514,29119.83,26962.07,2000,1939,0.9259,0.9695,2157.76,volume_farmer
0xc5db4adfd28a094bc82fd5b9261ac023abf2d54e,223242.0,134327.23,84,29,0.6017,0.3452,88914.77,volume_farmer
0xbc40bc17d76d2f379dfe15d5746f190111f57727,1280418.1,1528.47,2000,5,0.0012,0.0025,1278889.63,clean
0xc6393f5177345cf7b9d9f3fbb782fd72da00c5a2,2332795.98,371057.68,2000,190,0.1591,0.095,1961738.3,partial_washer
0x86b97c08864fa912ffed1d1d14b4888a82ffa957,20750.04,20543.02,21,20,0.99,0.9524,207.02,volume_farmer
0x6ca3bbd21ece8efe616738d04c5664f746be590f,1421551.1,915305.23,1282,530,0.6439,0.4134,506245.87,volume_farmer
0x46ab24b8e105e5ebfa978926d270ca62f834596b,46186.72,33529.69,58,22,0.726,0.3793,12657.03,volume_farmer
0x18b43bf8498fd71fea183a7331a915303bc69190,51772.58,36436.07,19,12,0.7038,0.6316,15336.51,volume_farmer
0xf6eab31d96d24310f33f258bc48a01bd48bc0a00,681651.39,317194.82,2000,698,0.4653,0.349,364456.57,partial_washer
0x74f1b8944c7b10f7239e3dda0de6b8ee42e816a8,279622.14,7442.21,2000,74,0.0266,0.037,272179.93,clean
0xa9c1c42585fcf8cb3e4fb350e44f21e891f64888,257563.23,257551.23,101,89,1.0,0.8812,12.0,volume_farmer
0x5fc105bdeef10a6c2a8131b951ff45cba317717d,11630.0,0.0,8,0,0.0,0.0,11630.0,clean
0x71bbd61ff9b2294b77c45926f56b6c698786a8c7,157792.39,4563.43,134,3,0.0289,0.0224,153228.96,clean
0xa1782a357ec27ad78ef58394953184fa52522112,348919.8,31174.12,2000,88,0.0893,0.044,317745.69,clean
0xfefb4ab20c207f11278c222e5276546727f74b5d,111042.54,0.0,2000,0,0.0,0.0,111042.54,clean
0xf498b5a087dadea0bb3ca947a6c493105c51a422,77625.31,70798.28,79,59,0.9121,0.7468,6827.03,volume_farmer
0x1574968d67ce80ddbc073b222f9f429989628b9d,556857.51,162350.98,639,113,0.2915,0.1768,394506.53,partial_washer
0x179b8ea9e3bb6a7f7623d8875c287e2c9e454398,123219.03,112940.48,73,18,0.9166,0.2466,10278.55,volume_farmer
0x22e4248bdb066f65c9f11cd66cdd3719a28eef1c,1607740.83,273555.78,2000,281,0.1701,0.1405,1334185.05,partial_washer
0xb3b31be704821b37a056c342ccc3c55ef7aec4ef,117791.49,86728.48,156,100,0.7363,0.641,31063.01,volume_farmer
0x93b9114efd9d72720f0a67205208b332ae6ba48b,258927.1,105341.33,783,160,0.4068,0.2043,153585.78,partial_washer
0x4c784587f81cd53fd3c4e9bf9842dadfb4560fa5,9995.0,0.0,42,0,0.0,0.0,9995.0,clean
0x90448cec34e3cfa75212374ea45ed01a258c6364,224483.21,218892.55,2000,1739,0.9751,0.8695,5590.67,volume_farmer
0x4a3efb4e4d233fbb6e6488e393434670b82a3f97,10538.96,0.0,51,0,0.0,0.0,10538.96,clean
0x7d58067867eab5866fc253bef7011840e38d1466,258225.43,258208.43,74,66,0.9999,0.8919,17.0,volume_farmer
0x9aeb534c42b58b21673d5e03e9da14fbd15b2729,740813.75,87224.71,2000,329,0.1177,0.1645,653589.04,partial_washer
0x92e53057ef2872722a53fe807245bd387e1defee,436679.57,136387.57,2000,233,0.3123,0.1165,300292.0,partial_washer
0x847667d84fc4d81db36689c4f4c5845c8d125418,2841241.64,1212656.29,2000,758,0.4268,0.379,1628585.35,partial_washer
0xc8caa4b9d7b8d61c1eead1f6d7130c74f8e2960b,316974.29,38493.6,2000,100,0.1214,0.05,278480.69,partial_washer
0x6c743aafd813475986dcd930f380a1f50901bd4e,1284042.86,81213.71,2000,163,0.0632,0.0815,1202829.15,clean
0x0d15e2724df455f9e65b15104d21d76412a2c454,640216.62,55168.22,2000,14,0.0862,0.007,585048.4,clean
0x27dfc79bf28d007123743780686d634512f6a99a,231622.48,229832.53,76,69,0.9923,0.9079,1789.95,volume_farmer
0x9390edb223dc541746cc766b9d43cbe55fc8b7af,41224.24,39092.54,156,91,0.9483,0.5833,2131.7,volume_farmer
0xc781e8dd03946230f2f32ab36077998bcb4a59d7,1340340.21,666636.05,2000,515,0.4974,0.2575,673704.16,partial_washer
0x820afc3fb5c278e4647fb205689ab29bb3bc922d,206195.25,180237.25,566,402,0.8741,0.7102,25958.0,volume_farmer
0xff0c984ab8f31600bc1faa15c7c8a14ab0e49193,16658.57,0.0,15,0,0.0,0.0,16658.57,clean
0xf5cfe6f998d597085e366f915b140e82e0869fc6,360093.41,0.0,2000,0,0.0,0.0,360093.41,clean
0x8564848285e54c65f6cc2e3930b49362fbd84b2e,487562.74,72219.24,2000,172,0.1481,0.086,415343.51,partial_washer
0x9fd4ca44be6bf74afc5987aa5b4305f5f748325c,836707.26,504068.96,1801,662,0.6024,0.3676,332638.31,volume_farmer
0x1d4687b8a278eb3dfb0cd0c3f6302998aa92fdb2,213678.71,57549.47,2000,340,0.2693,0.17,156129.24,partial_washer
0xdf705353876ceb2549f0c03ffcb4cba33d785e92,1576305.3,435936.34,2000,319,0.2766,0.1595,1140368.96,partial_washer
0x1d34fedb4bc7b6f255730f0d4ddbd341dab97c14,156979.79,34689.35,2000,126,0.221,0.063,122290.44,partial_washer
0xc709c24cda148fe2adcc98e91c63b3c360473365,10215.0,0.0,7,0,0.0,0.0,10215.0,clean
0xa1e9ab4d47ce17961795c6250a99e07b7c9d8b44,360036.48,206417.24,481,160,0.5733,0.3326,153619.24,volume_farmer
0xdab9ec39003d08acb352d011bb5fa8aa54c4b1e4,8992.53,0.0,44,0,0.0,0.0,8992.53,clean
0xefc16fbfcf59943f3fd43c6bc01bddbda007dfcd,213372.99,69631.98,682,197,0.3263,0.2889,143741.01,partial_washer
0x9dd9e18b9dcc393705e73966bc79eccbbd9108bd,41129.5,3.53,2000,2,0.0001,0.001,41125.97,clean
0x4877cfd42b6cc1b1e26d6823c168f568b0f0d812,806102.64,795365.47,532,298,0.9867,0.5602,10737.17,volume_farmer
0xa51af1e755e476d9a54dedaf980a8e8859e79634,26844.29,146.36,640,8,0.0055,0.0125,26697.93,clean
0xf5c49ad254b1d53ea0b86fb285dd3f11dc800926,1663190.59,359864.53,1986,514,0.2164,0.2588,1303326.06,partial_washer
0x033dc6e3e3e0a3ae55402576990392ae910aaf05,266445.43,97929.5,2000,420,0.3675,0.21,168515.93,partial_washer
0x6a63e1c3b7f211574889a0adedc98aeeae02eec2,142597.68,142020.53,2000,1964,0.996,0.982,577.15,volume_farmer
0x97e12cc7391a50e49042b44a2d4a0cef54c8017b,1313646.71,57834.94,2000,32,0.044,0.016,1255811.77,clean
0x879752bca887bc247ba883a52bc45e9c6be6bbbe,338214.18,39272.98,2000,150,0.1161,0.075,298941.2,partial_washer
0x421bf8e567f99bb544f317f38fe71719dbb6ac12,2443174.52,540416.63,2000,144,0.2212,0.072,1902757.89,partial_washer
0x7bb244d0c70293e66dee84f3d0623fbbbf7d682c,298237.83,4000.0,2000,14,0.0134,0.007,294237.83,clean
0xdaef2be2a19ad331737d06545f85615b094554e9,367403.98,72675.6,2000,375,0.1978,0.1875,294728.38,partial_washer
0xbdd474c1268840cf2256ae8a2276c8423c59f3b6,1419910.6,480195.38,2000,533,0.3382,0.2665,939715.22,partial_washer
0x3c5b209601d6cfbbd27e101c96f365c072100584,190854.76,48806.98,2000,35,0.2557,0.0175,142047.78,partial_washer
0x53e55bc7cb3d67ad177c023ce891ad076a9d6177,2062484.92,790146.4,2000,646,0.3831,0.323,1272338.53,partial_washer
